0	sort by a token in string python
1	python check file is readonly
2	declaring empty numpy array in python
3	test for iterable is string in python
4	python print results of query loop
5	how to save header of fits file to export python
6	python calc page align
7	python numpy array as float
8	input string that replaces occurences python
9	python check all items in list are ints
10	how to save variable to text file python
11	how to skip an index in a for loop python
12	how to create a tokenization code in python
13	python raise without parentheses
14	how to seperate list with commas python
15	python asynchronous function call return
16	how to make a seconds to time in python
17	python cast true or false as numbers
18	add milliseconds to datetime python
19	how to read the last n lines of a program on python
20	python mysql get list of table columns
21	how to get domain part of a url in python
22	python flatten a nested dictionaary
23	python session set get
24	python save graph into file
25	chmod python windows to remove file
26	add suffixes on concat python
27	how to check python object iterable
28	python 3 tkinter open file dialog
29	how to indent self python
30	tracking centroid of an object python
31	python3 ctypes return float array
32	how to make paragraphs in python
33	python rest requests delete
34	python replace month number
35	how to tell what type of data object is in python
36	python jsonschema validate schema file
37	get wechat access token python
38	python change str value to int
39	implementing drag and drop python
40	get unique list from two lists python
41	python 3 not runnning in git bash
42	create unknown number of names to print in python
43	python json if element exists
44	number of unique values in list python
45	how to randomize items in a list in python
46	python windows check for keypress
47	python bind scrollbar to canvas
48	python setlevel how to only record error
49	format string with *args python
50	python get hostip from url
51	python numpy masked vailding
52	python child widget close signal
53	python read from csv into numpy array
54	cast string to bytearray python
55	load str into python object
56	python ldap get all groups a user belongs to
57	python check type if string
58	python get current globals
59	get child loggers python
60	how to know if a text file is empty in python
61	python normal distribution p values
62	python ctypes array of arrays
63	scale 1d array python to between 0 and 1
64	python upper case lower case converter
65	ply python expression evaluator
66	python hashlib calc sha1 of file
67	python pdb no capture std output
68	python how to write a factorial
69	python get the last column
70	python how to change file extension
71	python get process memory info
72	check if 2 string are equal python
73	flask python create one table sqlalchemy
74	clean output folder in python
75	python print nodes binary tree
76	python query string parsing
77	cycle through a folder of images python
78	check if a date is valid python
79	python spherical bessel functions
80	how to check a file is empty in python
81	python stop process multiprocessing
82	python make sure all words are separated by a single space
83	making a multidimensional array of only 1 in python
84	python initialize variable of an object
85	python elasticsearch limit results
86	how to force exit python without raise
87	python weak reference to bound method
88	calling index iterable python
89	python datetime maybe undefined
90	python go to next page
91	filling null value sin data frame in python
92	python run external command and get output
93	how to compile python program to use in c++
94	python img to bytearray
95	how to use access token oauth python
96	have python line continue on to next line
97	precision of ints in python
98	modify the dice roll program to call a function for the die roll s python
99	python 'namespace' object is not iterable
100	how to specify seed for python random
101	python use default arg
102	python change array dtype to int
103	python forcible close socket before opening
104	python series'value non zero index
105	how to add a number to certain elements of an array numpy python
106	python unit test and coverage at same time
107	python only list files with specific extension
108	python global type hinting
109	how to make a function in python to take the average of list numbers
110	check if two arrays are equal python
111	python round down numpy
112	python pywin32 screenshoot refresh
113	get largest date from a list python
114	python lock no blocking
115	delete item from a set python
116	how to make a sentence into underscores with python
117	python timestamp remove timezone
118	python sanic change all object id to string
119	python mock mark a test as expected failure
120	python get current users desktop
121	python connect to redis in other docker container
122	python subplot second y axis
123	python function to detect first element of list
124	how to flip a matrix in python
125	python full name of object from global
126	check if input is an integer or boolean python
127	storing columns as array python
128	create column in python by joining columns
129	how to remove blank lines in python file
130	how to know size of queue in python
131	python substring index of
132	comparing int to none python
133	json to protobuf python
134	how to join 2 data frames in python
135	how to product of a list in python
136	get all dates between range datetime python
137	python access file on remote
138	how to download txt file from internet in python
139	stopwords list remove python
140	limit on open file handles in python
141	determine the longest sentence in corpus in nlp python ocde
142	python deterministic dictionary printing
143	remove namespace from xml tag python
144	fill is null with other columns python
145	python async input from gui
146	how to identify the index of an element of a set in python
147	python 3 print object string
148	python get most recent file containing string
149	python sqlite3 delete doesn't delete records
150	python apply function to iterator
151	use python next to iterate through
152	how to print all the variables in an object python
153	how to determine the index interval for given range of array python
154	python print numpy array with string
155	python assert value is of type
156	python multiproccessing map with multiple inputs
157	python add suffix to filename
158	best way to deal with pagination in python
159	finding factors in python and return list
160	best way to read xml in python
161	how to put a string in a yaml file python
162	python move cursor to secific line
163	token to id python
164	python urlparse get domain
165	python turn a string into a number
166	python check if all are type string in a column
167	bin means python numpy
168	python boto3 delete key from s3
169	random walk steps python
170	python delete objects inside of objects
171	truncate seconds from a timestamp in python code
172	python json load unorde
173	python yaml expected single document
174	python filter object at
175	python nonetype object has no attributte
176	python tkinter how to create scrollable canvas
177	geojson to topojson python
178	python get png image dimensions
179	python flask separate functions get and post
180	return year from date python
181	how to get all modes python
182	integer and returns a random bitstring of size python
183	how to get the encoding of a file python
184	python connect to aws rds
185	python cv2 check if image is empty
186	how to hide a window using a button in python
187	python marshmallow validation schema from parent
188	fillna with string for specific columnin python
189	how to separate list elements by white space python
190	how to default value in python
191	python dict keys lowercase
192	python get index of list values that equal
193	python requests logging not work
194	python static files flask
195	rest json schema validation python
196	write in bold and read in color of the print mesaage in python
197	python type cast to bigint
198	converts matrix to pictures by python
199	python random selection from function
200	python keep processpool open until tasks complete
201	running a def a specified amount of time python 3
202	python str to dateal time
203	python check if file is executable
204	python how to check the queue lenght
205	query server objects ldap in python
206	python docx document section different page
207	write a json object to file python
208	how to compute the minimum value of a tensor in python
209	python unittest how to assert 2 lists are almost equal
210	how to check if 2 inputs are equal in python assert equal
211	python loop through proxies request
212	python loess with gaussian kernel
213	greatest common divisor function in python
214	how to clear up memory python
215	get eucliedan distance between two vectors python
216	python interactive shell color
217	passing a range of values python years
218	python yaml for each key value
219	python test if value is ctypes array
220	function return apply async python
221	reload device program code in python
222	split string into n parts python
223	python get object as dict
224	selecting a range of 2d elements from a numpy array gives empty array in python 3
225	python read tokens from line
226	write data into fits file python
227	python print string with visible ansi codes
228	python check if value in enum
229	python sqlite table names in database
230	how to remove all element from a python dictionary
231	python parse query string from url
232	python remove element set
233	manhattan distance in python using longitude and latitude
234	how to read from a file to a list python
235	dynamically update value in dictionary python
236	python replace string from right
237	how to check if a path is writeable python
238	get attribute type in python
239	get fields of object python
240	how to fetch one value from one row from mysql query in python
241	python flask routes add
242	define function arg type and default values python
243	python image shape detect
244	what can iterators be iterated only once in python
245	remove all characters in string in python
246	python circle in a square bitmap array
247	location of maya python exe
248	how to make letters uppercase in python skipping spaces
249	python delete element from set
250	python get current git branch
251	how to make a restart button using python
252	tracing python code execution
253	delete pyc files from python script
254	sleep holding up python
255	traversal in tree in python
256	timing a function call python
257	python how to stop playsound
258	python change dictioinary values in place
259	can i pass instance method as variable python
260	pickle python read entiere file
261	should there be equal no of columns to concanate two df python
262	python flatten deep nested list
263	how to show a variable amount of precision in python string format
264	python array get element by index with default
265	check if string is int in python
266	how to change numpy array to list in python
267	read a file into a set python
268	python round float to int
269	how to write a parser on python
270	python dict with keys no value
271	how to remove blank lines from a text file in python
272	how to hash a binary file in python
273	python get function keyword names
274	iterate through words in text file python
275	python make a put request to restful endpoint
276	python get the id of the current thread
277	python function returning a list of all entities is called
278	how to flat a list of list python
279	python read yaml to numpy
280	discord python get user from id string
281	list of arbitrary objects to counts in python
282	how to know queue size in python
283	impute missing values in python
284	python dict rank by value
285	generate short unique id python
286	python numpy inverse of the matrix
287	python how to mix backslash and forward slashes in path
288	reduce functon not defined in python
289	python detect key press linux
290	how to generate random binary tree in python
291	python get epoch milis from datetime
292	python get environ user windows
293	iterator is past the end python
294	python if file not exist then creat
295	python howe to tell if path passed in is absolute or relative
296	maker a string lowercase pythong
297	python sys stdout write new line
298	python how to create a iterable
299	how to use python function in tensorflow
300	python how to get range of array with positive values numpy
301	python 3 a build string from iterable
302	unchecking a radio button python
303	python expected type sized
304	python load csv to numpy array
305	python remove element from list time complexity
306	python property by string name
307	index of an entry in a list python
308	python how to determine if an iterable is iterable
309	python how to create date from string
310	how to append a line in a file in the middle of file in python
311	how to split a string by every character in python
312	python get index of element each time it appears in list
313	python how to make dot character
314	python heap top element
315	in python, how to print strings in different colours
316	python yield unsupported operand type(s)
317	how to sort files by filename python
318	how to change the axis range in a plot in python for subplots
319	python view vector to asimuth elevation
320	python sort data by variable
321	compute the middle index in list python
322	python josn dump to file
323	python remove condition apply to dict
324	python remove directory tree if no files
325	how to pop a node off a stack python
326	python open file with exclusive access permissions
327	python gevent combine multiprocessing
328	create copy that doesn't alter original python
329	remove trailing whitespace in python
330	python default menuitem select
331	get sort indexes in a list python
332	how to start a new line in python gui
333	how to get tuple of colors in image python
334	make datetime aware python
335	python dict drop empty
336	python pretty print without sort
337	python check if interactive
338	python pid determine existence
339	python pymongo insert without duplicatte
340	how to read json files with multiple object python
341	python discord leave voice channel
342	python unittest make tests discoverable
343	multiline text send message python
344	extract integers from string in python
345	python take a string after the title
346	how to randomly select rows in ndarray in python
347	how to open a file with a path in python
348	python count distance between two vectors
349	python get dimensions of list
350	python filter lowpass minmum cutoff frequency
351	python 3, seperate a string into a list at comma
352	how to delete an element in a python dictionary
353	how know if the box was selected in checkbox in python
354	standard scalar function in python
355	python random gaussian distribution noise
356	return the number of numeric attributes in python
357	python pil camera capture
358	python flask create cookie expiration
359	python sqlalchemy model *
360	python how to move to next command in for loop
361	python check if object is a char
362	how to achieve logarithmic complexity in python
363	python listbox scrollbar not tk
364	identify the most common number in an array python
365	pull multiple values to make table python
366	python adjust data to normal distribution
367	python check if float has no floating points
368	string remove the last blank python
369	python how to display object attributes
370	determine if a list of numbers contains duplicates python
371	python figure add title label size
372	python networkx longest path directed acyclic graph
373	how to take list as input in python seperated with spaces
374	is a list in python an array
375	python cosine similarity of two vectors
376	how to model a sphere python
377	how to check paths in python
378	python test truth value of list
379	python string value of enum
380	python create null pointer with ctypes
381	python md5 hash string
382	python how to match dictionarys
383	select elements from a list, then delete these elements in the original list python
384	pybool to c++ python 3
385	how to add a ? in python url
386	python how to check whether the process with pid exist
387	how to cehck if somethign is a constant python
388	python check if variable exists in locals
389	python filter a dictionary by value
390	read json file and turn into dictionary using python
391	python change the shape of list
392	how to get the datatypes in python
393	initializing an empty string with a size python
394	cast str as int in python
395	python, sql table column details
396	python pathlib to traverse directories
397	python create list of columns with their dtype
398	python turn all nested object to dict
399	python read dicom images
400	python making string lower case
401	how to implement a macro in python
402	python subprocess close stdin
403	sum within a comprehension python
404	python timedelta without microseconds
405	change python object to string
406	eit request header in python flask
407	python lower all elements in list
408	using sort to move element in to new position in list python
409	remove special characters from column names in python
410	calculate the average of a given list in python
411	past python git clone
412	python lambda function with 3 params
413	check for punctuation python
414	unsupported media type json python
415	python separate string to list
416	python remove phrase from list of strings
417	python fastest way to load data
418	add noise to the audio python
419	object with commas turned into list python
420	python set limits on x axis
421	is python ssl socket connection thread safe
422	python3 encode decode bytes
423	xsd file to python object
424	python expand a path
425	python flask template table example
426	how to check if object defined python
427	s3 sync between bucket python
428	change the position of 3d coordinate in python
429	python how to get the number of cores in a computer
430	python how to use pdb set trace
431	python dictionary url encode
432	how to check whether a string is int in python
433	python 3 change permission of file chmod
434	python gaussian filter array
435	how to cut off a calculated number to two decimals in python
436	replace many value at once in python
437	python numpy conver to float64
438	python how to rank a list object
439	how to check if file doesn't exist in python
440	how to get the parent directory in python
441	resize an image python pil
442	python boxplot data frame
443	python glpk read from lp file
444	python threadpool close join
445	python sklearn onehotencoder string values
446	python change to bytes
447	python json loads try
448	create an empty column in data frame python
449	remove whitespace at end of line in python
450	python file opening modes
451	python code input prompt for questions
452	python parse a log file that is logging
453	remove an entry from a dict python
454	new line statemnt pythong write
455	python view as series column format string
456	python select not null column values
457	how do functions in python know the parametr type
458	cursor positioning python windows
459	python how to equally space points in an ellipse
460	how to see how similar two images are in python
461	how to make a input to have no spaces in python\
462	next line to read in python
463	move an item in list to front python
464	python wrap (s,w) print
465	how to check if missing values are blanks or nan or none in python
466	python to get the indices of bin edges
467	python comma separated value
468	python requests disable ssl certificate verification
469	python var and distribution of probability
470	how to determine it's a orthogonal matrix using python
471	strip html tags in python
472	center align python text
473	python get list of keys on an object
474	is there any python function to check for nan valu
475	python get cookie for request
476	python is list no na
477	python determine if a file is image
478	python reorganise a data frame
479	read first line in txt file in python
480	pass defined parser object to subparser python
481	how to print generic error in python
482	python change the name of a key
483	moving mouse python click
484	python to determine if services are running
485	python set contains multiple items
486	python protobyf parse from byte
487	python check if a directory is writable
488	object as list python
489	replace function nan python
490	python hash table check if key exist
491	take all points in box python
492	python create enum by name
493	python matplotlib use arrow markers
494	python function default args
495	python how to select first 100 rows
496	removing columnsns in data frame python
497	python array to torch tensor
498	how to turn a list into a csv python
499	how do i unzip file in python
